f1_score_validation,max_depth,n_estimators,cv_results,best_params
1.0,11,78,"{""mean_fit_time"": [0.23396098613739014, 0.35311079025268555, 0.3827481269836426, 0.13980519771575928, 0.3287101984024048], ""std_fit_time"": [0.03646957874298096, 0.011012077331542969, 0.011006355285644531, 0.005657553672790527, 0.021297812461853027], ""mean_score_time"": [0.04465925693511963, 0.05663418769836426, 0.06841862201690674, 0.060810089111328125, 0.05693256855010986], ""std_score_time"": [0.007076621055603027, 0.0005211830139160156, 0.0033055543899536133, 0.021034955978393555, 0.008118033409118652], ""param_max_depth"": [11, 48, 33, 8, 37], ""param_n_estimators"": [78, 144, 155, 53, 139], ""params"": [{""max_depth"": 11, ""n_estimators"": 78}, {""max_depth"": 48, ""n_estimators"": 144}, {""max_depth"": 33, ""n_estimators"": 155}, {""max_depth"": 8, ""n_estimators"": 53}, {""max_depth"": 37, ""n_estimators"": 139}], ""split0_test_score"": [1.0, 1.0, 1.0, 1.0, 1.0], ""split1_test_score"": [1.0, 1.0, 1.0, 1.0, 1.0], ""mean_test_score"": [1.0, 1.0, 1.0, 1.0, 1.0], ""std_test_score"": [0.0, 0.0, 0.0, 0.0, 0.0], ""rank_test_score"": [1, 1, 1, 1, 1]}","{'max_depth': 11, 'n_estimators': 78}"
